<?xml version="1.0" encoding="UTF-8"?>
<level width="16" height="16" start-y="7" start-x="0"><declarations><road id="i001" image="roadEW.png" type="EW"/><road id="i002" image="roadNS.png" type="NS"/><road id="i003" image="roadSE.png" type="SE"/><road id="i004" image="roadSW.png" type="SW"/><road id="i005" image="roadNE.png" type="NE"/><road id="i006" image="roadNW.png" type="NW"/><open id="i007" image="grass1.png"/><open id="i008" image="grass2.png"/><house id="i011" image="house1.png"/><trees id="i019" image="trees2.png"/><trees id="i021" image="trees4.png"/></declarations><items><trees id="i021" x="0" y="9"/><open id="i008" x="0" y="8"/><road id="i001" x="0" y="7"/><open id="i007" x="0" y="6"/><open id="i008" x="0" y="5"/><trees id="i019" x="1" y="9"/><open id="i007" x="1" y="8"/><road id="i001" x="1" y="7"/><open id="i008" x="1" y="6"/><open id="i007" x="1" y="5"/><open id="i008" x="2" y="9"/><road id="i005" x="2" y="8"/><road id="i004" x="2" y="7"/><open id="i007" x="2" y="6"/><open id="i007" x="2" y="5"/><open id="i007" x="3" y="9"/><road id="i006" x="3" y="8"/><road id="i002" x="3" y="7"/><road id="i003" x="3" y="6"/><open id="i008" x="3" y="5"/><open id="i007" x="4" y="9"/><open id="i007" x="4" y="8"/><open id="i007" x="4" y="7"/><road id="i001" x="4" y="6"/><house id="i011" x="4" y="5"/></items></level>
