<?xml version="1.0" encoding="UTF-8"?>
<level width="16" height="16" start-y="7" start-x="0">

<declarations>
<road id="i001" image="roadEW.png" type="EW"/>
<road id="i002" image="roadNS.png" type="NS"/>
<road id="i003" image="roadSE.png" type="SE"/>
<road id="i004" image="roadSW.png" type="SW"/>
<road id="i005" image="roadNE.png" type="NE"/>
<road id="i006" image="roadNW.png" type="NW"/>
<open id="i007" image="grass1.png"/>
<open id="i008" image="grass2.png"/>
</declarations>

<items>
<open id="i007" x="0" y="8"/>
<road id="i001" x="0" y="7"/>
<open id="i007" x="0" y="6"/>
<open id="i007" x="1" y="8"/>
  <road id="i006" x="1" y="7"/>
  <road id="i003" x="1" y="6"/>
<open id="i007" x="2" y="8"/>
  <road id="i005" x="2" y="7"/>
  <road id="i004" x="2" y="6"/>
  <open id="i007" x="3" y="8"/>
  <road id="i001" x="3" y="7"/><open id="i007" x="3" y="6"/><open id="i007" x="4" y="8"/><road id="i001" x="4" y="7"/><road id="i005" x="4" y="6"/><road id="i002" x="4" y="5"/><road id="i003" x="4" y="4"/><open id="i007" x="5" y="8"/><road id="i001" x="5" y="7"/><road id="i001" x="5" y="6"/><open id="i008" x="5" y="5"/><road id="i001" x="5" y="4"/><open id="i007" x="6" y="8"/><road id="i006" x="6" y="7"/><road id="i004" x="6" y="6"/><open id="i008" x="6" y="5"/><road id="i001" x="6" y="4"/><open id="i007" x="7" y="8"/><open id="i007" x="7" y="7"/><open id="i007" x="7" y="6"/><road id="i005" x="7" y="5"/><road id="i004" x="7" y="4"/><open id="i007" x="8" y="8"/><road id="i005" x="8" y="7"/><road id="i002" x="8" y="6"/><road id="i004" x="8" y="5"/><open id="i007" x="9" y="8"/><road id="i001" x="9" y="7"/><open id="i007" x="9" y="6"/><open id="i007" x="9" y="5"/><open id="i007" x="10" y="8"/><road id="i001" x="10" y="7"/><open id="i007" x="10" y="6"/><road id="i005" x="11" y="8"/><road id="i004" x="11" y="7"/><open id="i007" x="11" y="6"/><road id="i006" x="12" y="8"/><road id="i003" x="12" y="7"/><open id="i007" x="12" y="6"/><open id="i007" x="13" y="8"/><road id="i001" x="13" y="7"/><open id="i007" x="13" y="6"/><open id="i007" x="14" y="8"/><road id="i001" x="14" y="7"/><open id="i007" x="14" y="6"/><open id="i007" x="15" y="8"/><road id="i001" x="15" y="7"/><open id="i007" x="15" y="6"/></items></level>

