<?xml version="1.0" encoding="UTF-8"?>
<level width="1024" height="1024" start-y="7" start-x="0"><declarations><road id="i001" image="roadEW.png" type="EW"/></declarations><items><road id="i001" x="0" y="7"/><road id="i001" x="1" y="7"/><road id="i001" x="2" y="7"/><road id="i001" x="3" y="7"/><road id="i001" x="4" y="7"/><road id="i001" x="5" y="7"/><road id="i001" x="6" y="7"/><road id="i001" x="7" y="7"/><road id="i001" x="8" y="7"/><road id="i001" x="9" y="7"/><road id="i001" x="10" y="7"/><road id="i001" x="11" y="7"/><road id="i001" x="12" y="7"/><road id="i001" x="13" y="7"/><road id="i001" x="14" y="7"/><road id="i001" x="15" y="7"/></items></level>
